#,Company,Symbol,Weight,Price,Chg,% Chg
1,Apple Inc.,AAPL,7.13518,165.85,5.84,(3.65%)
2,Microsoft Corporation,MSFT,5.960905,282.00,7.18,(2.61%)
3,Amazon.com Inc.,AMZN,3.404451,139.30,5.14,(3.83%)
4,Tesla Inc,TSLA,2.194586,923.45,21.69,(2.41%)
5,Alphabet Inc. Class A,GOOGL,2.00844,117.86,2.73,(2.37%)
6,Alphabet Inc. Class C,GOOG,1.853854,118.64,2.74,(2.36%)
7,Berkshire Hathaway Inc. Class B,BRK.B,1.532969,294.83,2.66,(0.91%)
8,UnitedHealth Group Incorporated,UNH,1.458253,541.00,5.54,(1.03%)
9,NVIDIA Corporation,NVDA,1.345346,188.37,3.11,(1.68%)
10,Johnson & Johnson,JNJ,1.319622,175.00,2.08,(1.20%)
11,Exxon Mobil Corporation,XOM,1.149246,90.79,-3.28,(-3.49%)
12,Meta Platforms Inc. Class A,META,1.065504,168.34,8.15,(5.09%)
13,Procter & Gamble Company,PG,0.987723,144.40,2.45,(1.73%)
14,Visa Inc. Class A,V,0.984446,208.51,2.25,(1.09%)
15,JPMorgan Chase & Co.,JPM,0.957648,113.61,1.18,(1.05%)
16,Chevron Corporation,CVX,0.906813,155.25,-3.89,(-2.44%)
17,Home Depot Inc.,HD,0.901187,305.19,4.48,(1.49%)
18,Mastercard Incorporated Class A,MA,0.870648,354.13,5.12,(1.47%)
19,Pfizer Inc.,PFE,0.808569,49.88,0.19,(0.38%)
20,Eli Lilly and Company,LLY,0.732339,309.00,-11.20,(-3.50%)
21,Coca-Cola Company,KO,0.720086,63.98,0.34,(0.53%)
22,AbbVie Inc.,ABBV,0.719479,141.35,0.96,(0.68%)
23,PepsiCo Inc.,PEP,0.70371,176.82,1.33,(0.76%)
24,Costco Wholesale Corporation,COST,0.698561,543.11,-0.35,(-0.06%)
25,Bank of America Corp,BAC,0.67934,33.59,0.55,(1.66%)
26,Thermo Fisher Scientific Inc.,TMO,0.665347,588.00,1.96,(0.33%)
27,Merck & Co. Inc.,MRK,0.642522,87.50,-0.11,(-0.13%)
28,Broadcom Inc.,AVGO,0.629006,546.71,15.50,(2.92%)
29,Adobe Incorporated,ADBE,0.561778,424.39,14.43,(3.52%)
30,McDonald's Corporation,MCD,0.559893,262.00,0.95,(0.36%)
31,Accenture Plc Class A,ACN,0.555647,311.17,8.69,(2.87%)
32,Walt Disney Company,DIS,0.553138,108.92,4.21,(4.02%)
33,Verizon Communications Inc.,VZ,0.552217,45.38,0.04,(0.09%)
34,Abbott Laboratories,ABT,0.551666,109.61,0.97,(0.89%)
35,Cisco Systems Inc.,CSCO,0.541178,45.68,0.76,(1.69%)
36,Walmart Inc.,WMT,0.540207,130.00,-2.68,(-2.02%)
37,Danaher Corporation,DHR,0.535857,288.46,2.93,(1.03%)
38,Salesforce Inc.,CRM,0.529564,189.50,5.71,(3.11%)
39,Comcast Corporation Class A,CMCSA,0.488528,38.35,0.67,(1.78%)
40,NextEra Energy Inc.,NEE,0.488086,86.37,0.70,(0.82%)
41,Qualcomm Incorporated,QCOM,0.477571,149.00,1.97,(1.34%)
42,Texas Instruments Incorporated,TXN,0.473407,183.00,5.78,(3.26%)
43,Wells Fargo & Company,WFC,0.471357,43.81,0.93,(2.17%)
44,Advanced Micro Devices Inc.,AMD,0.466626,97.73,-1.57,(-1.58%)
45,Bristol-Myers Squibb Company,BMY,0.452471,72.56,-0.72,(-0.98%)
46,Philip Morris International Inc.,PM,0.443483,98.81,0.16,(0.16%)
47,Linde plc,LIN,0.434437,299.77,2.13,(0.72%)
48,Intel Corporation,INTC,0.427029,36.43,0.42,(1.17%)
49,NIKE Inc. Class B,NKE,0.412639,114.25,2.48,(2.22%)
50,United Parcel Service Inc. Class B,UPS,0.412211,193.00,-0.53,(-0.27%)
51,Union Pacific Corporation,UNP,0.405254,224.59,2.09,(0.94%)
52,Raytheon Technologies Corporation,RTX,0.404775,94.53,0.78,(0.83%)
53,AT&T Inc.,T,0.381191,18.40,0.04,(0.22%)
54,Amgen Inc.,AMGN,0.37787,245.80,1.89,(0.77%)
55,Honeywell International Inc.,HON,0.373367,191.03,1.91,(1.01%)
56,S&P Global Inc.,SPGI,0.372239,361.20,-8.58,(-2.32%)
57,Intuit Inc.,INTU,0.3661,465.99,19.02,(4.26%)
58,CVS Health Corporation,CVS,0.362286,101.40,6.03,(6.32%)
59,Medtronic Plc,MDT,0.362127,94.08,0.87,(0.93%)
60,Lowe's Companies Inc.,LOW,0.360358,195.20,7.25,(3.86%)
61,American Tower Corporation,AMT,0.359319,269.00,2.37,(0.89%)
62,ConocoPhillips,COP,0.355275,91.70,-3.01,(-3.18%)
63,Oracle Corporation,ORCL,0.347945,77.59,1.24,(1.62%)
64,International Business Machines Corporation,IBM,0.343829,132.15,0.34,(0.26%)
65,Morgan Stanley,MS,0.339006,84.98,1.45,(1.74%)
66,Elevance Health Inc.,ELV,0.330804,483.49,11.35,(2.40%)
67,Goldman Sachs Group Inc.,GS,0.326584,333.16,5.28,(1.61%)
68,PayPal Holdings Inc.,PYPL,0.302055,97.68,8.05,(8.98%)
69,Charles Schwab Corp,SCHW,0.295455,68.70,1.15,(1.70%)
70,Lockheed Martin Corporation,LMT,0.294508,428.00,-0.78,(-0.18%)
71,Automatic Data Processing Inc.,ADP,0.29231,244.30,3.68,(1.53%)
72,Citigroup Inc.,C,0.285813,51.52,0.77,(1.52%)
73,Netflix Inc.,NFLX,0.284301,226.35,4.93,(2.23%)
74,Caterpillar Inc.,CAT,0.283866,182.83,-0.68,(-0.37%)
75,Starbucks Corporation,SBUX,0.27852,87.11,3.40,(4.06%)
76,Prologis Inc.,PLD,0.276903,130.72,1.35,(1.04%)
77,BlackRock Inc.,BLK,0.274243,691.00,24.84,(3.73%)
78,Deere & Company,DE,0.270299,335.73,2.52,(0.76%)
79,Applied Materials Inc.,AMAT,0.269679,109.40,4.41,(4.20%)
80,American Express Company,AXP,0.268189,155.40,3.80,(2.51%)
81,ServiceNow Inc.,NOW,0.264208,470.60,16.16,(3.56%)
82,Boeing Company,BA,0.263344,166.46,3.18,(1.95%)
83,Mondelez International Inc. Class A,MDLZ,0.259928,65.08,0.32,(0.49%)
84,Analog Devices Inc.,ADI,0.259498,176.31,5.54,(3.24%)
85,Cigna Corporation,CI,0.249772,273.49,2.05,(0.76%)
86,Intuitive Surgical Inc.,ISRG,0.248263,241.90,3.42,(1.43%)
87,Duke Energy Corporation,DUK,0.244759,110.00,0.38,(0.35%)
88,Zoetis Inc. Class A,ZTS,0.244279,180.61,1.78,(1.00%)
89,T-Mobile US Inc.,TMUS,0.243235,142.93,0.58,(0.41%)
90,General Electric Company,GE,0.236434,74.88,0.52,(0.70%)
91,Marsh & McLennan Companies Inc.,MMC,0.236324,165.39,3.54,(2.19%)
92,3M Company,MMM,0.234163,143.11,1.36,(0.96%)
93,Southern Company,SO,0.232741,77.00,1.07,(1.41%)
94,Altria Group Inc,MO,0.231131,44.39,0.56,(1.28%)
95,Booking Holdings Inc.,BKNG,0.23047,"1,897.01",-59.29,(-3.03%)
96,Chubb Limited,CB,0.226527,184.62,0.28,(0.15%)
97,Crown Castle Inc.,CCI,0.223351,177.94,0.09,(0.05%)
98,Target Corporation,TGT,0.219241,167.91,4.43,(2.71%)
99,Gilead Sciences Inc.,GILD,0.216021,62.24,2.70,(4.53%)
100,TJX Companies Inc,TJX,0.209945,63.22,1.58,(2.56%)
101,Stryker Corporation,SYK,0.207077,215.90,2.65,(1.24%)
102,CME Group Inc. Class A,CME,0.205334,197.74,0.22,(0.11%)
103,Northrop Grumman Corp.,NOC,0.204169,481.50,0.45,(0.09%)
104,Vertex Pharmaceuticals Incorporated,VRTX,0.203132,277.51,3.65,(1.33%)
105,Lam Research Corporation,LRCX,0.202819,522.00,19.35,(3.85%)
106,CSX Corporation,CSX,0.202725,32.40,0.25,(0.78%)
107,Micron Technology Inc.,MU,0.201692,64.13,1.66,(2.66%)
108,Becton Dickinson and Company,BDX,0.200145,242.46,-0.56,(-0.23%)
109,PNC Financial Services Group Inc.,PNC,0.195884,165.35,2.04,(1.25%)
110,Colgate-Palmolive Company,CL,0.195103,81.56,1.30,(1.62%)
111,Dominion Energy Inc,D,0.192481,82.78,0.62,(0.75%)
112,Progressive Corporation,PGR,0.191992,115.00,1.81,(1.60%)
113,Truist Financial Corporation,TFC,0.190866,50.40,0.78,(1.57%)
114,Edwards Lifesciences Corporation,EW,0.184609,102.89,0.67,(0.66%)
115,U.S. Bancorp,USB,0.183303,47.64,0.71,(1.51%)
116,Equinix Inc.,EQIX,0.181792,696.16,7.45,(1.08%)
117,Waste Management Inc.,WM,0.181438,166.00,2.67,(1.63%)
118,EOG Resources Inc.,EOG,0.181397,105.00,-2.19,(-2.04%)
119,Fidelity National Information Services Inc.,FIS,0.18101,104.90,2.71,(2.65%)
120,Estee Lauder Companies Inc. Class A,EL,0.180435,268.89,0.50,(0.19%)
121,Regeneron Pharmaceuticals Inc.,REGN,0.180124,604.00,29.04,(5.05%)
122,Fiserv Inc.,FISV,0.179225,107.81,1.58,(1.49%)
123,Activision Blizzard Inc.,ATVI,0.178722,80.20,0.88,(1.11%)
124,Humana Inc.,HUM,0.175478,481.80,3.41,(0.71%)
125,Aon Plc Class A,AON,0.172616,286.03,5.77,(2.06%)
126,Ford Motor Company,F,0.172461,15.63,0.47,(3.10%)
127,Norfolk Southern Corporation,NSC,0.172021,256.04,8.02,(3.23%)
128,Boston Scientific Corporation,BSX,0.17189,41.86,0.40,(0.96%)
129,Sherwin-Williams Company,SHW,0.169462,239.00,-4.61,(-1.89%)
130,Illinois Tool Works Inc.,ITW,0.169278,209.22,4.32,(2.11%)
131,Eaton Corp. Plc,ETN,0.168151,148.41,2.02,(1.38%)
132,Occidental Petroleum Corporation,OXY,0.16799,61.00,-4.06,(-6.24%)
133,KLA Corporation,KLAC,0.167241,395.00,12.31,(3.22%)
134,Dollar General Corporation,DG,0.16629,251.97,1.35,(0.54%)
135,Synopsys Inc.,SNPS,0.1635,370.84,2.48,(0.67%)
136,Intercontinental Exchange Inc.,ICE,0.163366,103.20,2.54,(2.52%)
137,Moderna Inc.,MRNA,0.161396,186.20,25.39,(15.79%)
138,FedEx Corporation,FDX,0.161311,232.71,-0.56,(-0.24%)
139,Centene Corporation,CNC,0.158274,93.48,0.17,(0.18%)
140,Air Products and Chemicals Inc.,APD,0.157014,238.56,-5.56,(-2.28%)
141,Emerson Electric Co.,EMR,0.153509,89.82,0.71,(0.80%)
142,General Motors Company,GM,0.152773,37.16,1.03,(2.85%)
143,General Dynamics Corporation,GD,0.151029,230.67,3.63,(1.60%)
144,Schlumberger NV,SLB,0.150401,35.51,-1.18,(-3.22%)
145,Sempra Energy,SRE,0.149212,164.57,0.87,(0.53%)
146,Pioneer Natural Resources Company,PXD,0.148998,221.50,-6.41,(-2.81%)
147,Charter Communications Inc. Class A,CHTR,0.147027,452.35,14.70,(3.36%)
148,Marathon Petroleum Corporation,MPC,0.146882,92.57,-1.05,(-1.12%)
149,American Electric Power Company Inc.,AEP,0.146644,99.80,1.34,(1.36%)
150,Cadence Design Systems Inc.,CDNS,0.14629,181.90,-1.55,(-0.84%)
151,Moody's Corporation,MCO,0.143519,309.92,2.41,(0.78%)
152,Public Storage,PSA,0.142146,329.01,8.07,(2.51%)
153,McKesson Corporation,MCK,0.141267,335.00,-0.09,(-0.03%)
154,HCA Healthcare Inc,HCA,0.139547,213.62,2.15,(1.02%)
155,NXP Semiconductors NV,NXPI,0.138852,185.45,4.98,(2.76%)
156,Autodesk Inc.,ADSK,0.137083,219.00,2.82,(1.30%)
157,L3Harris Technologies Inc,LHX,0.136467,241.36,-2.61,(-1.07%)
158,Archer-Daniels-Midland Company,ADM,0.135102,81.00,-1.79,(-2.16%)
159,O'Reilly Automotive Inc.,ORLY,0.135024,693.53,-14.94,(-2.11%)
160,Valero Energy Corporation,VLO,0.133118,107.81,-5.18,(-4.58%)
161,General Mills Inc.,GIS,0.132215,75.50,-0.18,(-0.24%)
162,Amphenol Corporation Class A,APH,0.131769,77.20,0.76,(0.99%)
163,Roper Technologies Inc.,ROP,0.130923,429.81,3.51,(0.82%)
164,Exelon Corporation,EXC,0.12913,44.65,-1.18,(-2.57%)
165,Kimberly-Clark Corporation,KMB,0.129068,134.75,1.75,(1.32%)
166,IQVIA Holdings Inc,IQV,0.128887,233.21,-0.20,(-0.09%)
167,Realty Income Corporation,O,0.127019,72.20,-0.60,(-0.82%)
168,Marriott International Inc. Class A,MAR,0.126177,159.01,0.77,(0.49%)
169,Sysco Corporation,SYY,0.125254,86.40,0.99,(1.16%)
170,Chipotle Mexican Grill Inc.,CMG,0.125203,"1,584.50",34.65,(2.24%)
171,MetLife Inc.,MET,0.124311,64.48,2.47,(3.98%)
172,TE Connectivity Ltd.,TEL,0.124232,133.23,1.84,(1.40%)
173,Freeport-McMoRan Inc.,FCX,0.12414,28.66,-0.67,(-2.28%)
174,AutoZone Inc.,AZO,0.123963,"2,148.03",-5.89,(-0.27%)
175,Phillips 66,PSX,0.122143,85.50,-2.04,(-2.33%)
176,Capital One Financial Corp,COF,0.121903,109.40,2.46,(2.30%)
177,Ecolab Inc.,ECL,0.118586,165.79,0.43,(0.26%)
178,Fortinet Inc.,FTNT,0.117954,57.00,-3.37,(-5.58%)
179,Corteva Inc,CTVA,0.117129,55.50,-0.24,(-0.43%)
180,Paychex Inc.,PAYX,0.116589,128.00,1.64,(1.30%)
181,American International Group Inc.,AIG,0.116504,52.10,1.39,(2.74%)
182,Constellation Brands Inc. Class A,STZ,0.116172,246.58,1.58,(0.64%)
183,Xcel Energy Inc.,XEL,0.116018,74.31,0.86,(1.17%)
184,Motorola Solutions Inc.,MSI,0.115887,238.45,0.99,(0.42%)
185,Williams Companies Inc.,WMB,0.115034,32.46,-0.40,(-1.22%)
186,Agilent Technologies Inc.,A,0.114511,135.04,3.76,(2.86%)
187,Enphase Energy Inc.,ENPH,0.113365,290.00,-2.26,(-0.77%)
188,MSCI Inc. Class A,MSCI,0.112263,491.90,14.21,(2.97%)
189,Microchip Technology Incorporated,MCHP,0.110956,73.22,3.95,(5.70%)
190,Welltower Inc,WELL,0.110159,84.87,1.20,(1.43%)
191,Dow Inc.,DOW,0.110069,51.44,-0.11,(-0.21%)
192,Travelers Companies Inc.,TRV,0.109335,157.72,1.01,(0.64%)
193,Johnson Controls International plc,JCI,0.109262,54.28,0.52,(0.97%)
194,Devon Energy Corporation,DVN,0.107926,56.94,-3.69,(-6.09%)
195,Cintas Corporation,CTAS,0.107858,425.00,2.24,(0.53%)
196,Dollar Tree Inc.,DLTR,0.10695,163.58,-1.17,(-0.71%)
197,Prudential Financial Inc.,PRU,0.106931,96.73,-1.26,(-1.29%)
198,SBA Communications Corp. Class A,SBAC,0.106782,343.87,5.70,(1.69%)
199,Parker-Hannifin Corporation,PH,0.106218,290.06,4.47,(1.57%)
200,Digital Realty Trust Inc.,DLR,0.106103,129.38,0.11,(0.09%)
201,Monster Beverage Corporation,MNST,0.105291,96.04,-0.86,(-0.89%)
202,Electronic Arts Inc.,EA,0.105127,134.00,5.11,(3.96%)
203,Global Payments Inc.,GPN,0.10417,126.33,-0.12,(-0.09%)
204,Arthur J. Gallagher & Co.,AJG,0.103896,177.24,4.90,(2.84%)
205,Hilton Worldwide Holdings Inc,HLT,0.103346,130.00,1.32,(1.03%)
206,Newmont Corporation,NEM,0.103273,44.50,-0.34,(-0.76%)
207,Cognizant Technology Solutions Corporation Class A,CTSH,0.102351,68.89,1.32,(1.95%)
208,Warner Bros. Discovery Inc. Series A,WBD,0.102115,16.75,0.75,(4.69%)
209,Yum! Brands Inc.,YUM,0.102099,119.81,-2.32,(-1.90%)
210,Nucor Corporation,NUE,0.101963,133.22,1.08,(0.82%)
211,Aflac Incorporated,AFL,0.10194,59.01,0.27,(0.46%)
212,ResMed Inc.,RMD,0.101226,239.60,0.29,(0.12%)
213,DexCom Inc.,DXCM,0.100513,90.21,1.91,(2.16%)
214,Kinder Morgan Inc Class P,KMI,0.100143,17.81,-0.02,(-0.11%)
215,Consolidated Edison Inc.,ED,0.100125,98.10,0.05,(0.05%)
216,HP Inc.,HPQ,0.100019,33.00,0.26,(0.79%)
217,Carrier Global Corp.,CARR,0.099999,40.34,-0.08,(-0.19%)
218,Simon Property Group Inc.,SPG,0.099891,107.00,1.52,(1.44%)
219,Illumina Inc.,ILMN,0.098886,223.00,3.86,(1.76%)
220,Trane Technologies plc,TT,0.09807,150.26,5.05,(3.48%)
221,IDEXX Laboratories Inc.,IDXX,0.097813,405.51,6.58,(1.65%)
222,Hershey Company,HSY,0.095997,231.90,2.74,(1.20%)
223,VICI Properties Inc,VICI,0.095515,34.00,-0.20,(-0.58%)
224,TransDigm Group Incorporated,TDG,0.09544,633.45,7.24,(1.16%)
225,Otis Worldwide Corporation,OTIS,0.095276,79.23,1.77,(2.29%)
226,Public Service Enterprise Group Inc,PEG,0.094943,65.38,0.23,(0.35%)
227,WEC Energy Group Inc,WEC,0.094205,104.08,0.43,(0.41%)
228,Allstate Corporation,ALL,0.092275,116.35,0.65,(0.56%)
229,Bank of New York Mellon Corp,BK,0.091899,43.71,0.76,(1.77%)
230,International Flavors & Fragrances Inc.,IFF,0.091285,126.54,2.30,(1.85%)
231,Twitter Inc.,TWTR,0.090653,40.93,-0.05,(-0.12%)
232,Cummins Inc.,CMI,0.090485,220.00,1.39,(0.64%)
233,PACCAR Inc,PCAR,0.090275,90.84,0.61,(0.68%)
234,M&T Bank Corporation,MTB,0.089792,176.51,2.70,(1.55%)
235,Eversource Energy,ES,0.089353,90.83,0.59,(0.65%)
236,Mettler-Toledo International Inc.,MTD,0.089344,"1,359.92",19.60,(1.46%)
237,Kroger Co.,KR,0.089004,47.15,0.37,(0.79%)
238,Biogen Inc.,BIIB,0.088644,213.00,3.85,(1.84%)
239,Hess Corporation,HES,0.08806,105.66,-3.95,(-3.60%)
240,Verisk Analytics Inc,VRSK,0.087879,197.38,8.40,(4.44%)
241,DuPont de Nemours Inc.,DD,0.08733,58.15,-0.42,(-0.72%)
242,PPG Industries Inc.,PPG,0.086615,128.83,2.18,(1.72%)
243,Keysight Technologies Inc,KEYS,0.086587,165.54,2.46,(1.51%)
244,Baxter International Inc.,BAX,0.08598,58.30,-0.58,(-0.99%)
245,Ameriprise Financial Inc.,AMP,0.085075,270.06,5.95,(2.25%)
246,Fastenal Company,FAST,0.084594,51.65,0.57,(1.11%)
247,Aptiv PLC,APTV,0.084527,110.65,2.21,(2.04%)
248,Republic Services Inc.,RSG,0.083713,140.40,2.17,(1.57%)
249,AMETEK Inc.,AME,0.083157,126.24,1.43,(1.15%)
250,Rockwell Automation Inc.,ROK,0.082986,251.07,2.81,(1.13%)
251,ON Semiconductor Corporation,ON,0.082651,68.70,3.11,(4.74%)
252,Keurig Dr Pepper Inc.,KDP,0.08249,39.20,0.64,(1.66%)
253,First Republic Bank,FRC,0.082342,162.94,3.86,(2.43%)
254,AvalonBay Communities Inc.,AVB,0.0823,202.05,-2.53,(-1.24%)
255,Albemarle Corporation,ALB,0.082195,251.00,7.11,(2.92%)
256,Ross Stores Inc.,ROST,0.081948,84.58,4.75,(5.95%)
257,Discover Financial Services,DFS,0.081614,101.77,1.61,(1.61%)
258,American Water Works Company Inc.,AWK,0.081328,157.65,2.17,(1.40%)
259,T. Rowe Price Group,TROW,0.081318,126.50,3.86,(3.15%)
260,Walgreens Boots Alliance Inc.,WBA,0.080775,39.19,0.14,(0.36%)
261,Corning Inc,GLW,0.079607,36.49,0.38,(1.05%)
262,Old Dominion Freight Line Inc.,ODFL,0.079529,291.90,-2.26,(-0.77%)
263,Copart Inc.,CPRT,0.07889,130.50,2.41,(1.88%)
264,eBay Inc.,EBAY,0.078631,50.79,2.36,(4.87%)
265,CBRE Group Inc. Class A,CBRE,0.078017,83.60,1.30,(1.58%)
266,Weyerhaeuser Company,WY,0.077494,35.30,-0.57,(-1.59%)
267,Arista Networks Inc.,ANET,0.07585,121.53,4.39,(3.75%)
268,Kraft Heinz Company,KHC,0.075809,37.20,0.11,(0.30%)
269,ONEOK Inc.,OKE,0.075529,59.03,0.22,(0.37%)
270,Edison International,EIX,0.075074,69.30,0.68,(0.99%)
271,Tyson Foods Inc. Class A,TSN,0.07436,86.70,-0.81,(-0.93%)
272,Halliburton Company,HAL,0.074327,28.48,-0.12,(-0.42%)
273,Equity Residential,EQR,0.074152,75.40,-0.13,(-0.17%)
274,State Street Corporation,STT,0.072929,71.02,1.80,(2.60%)
275,DTE Energy Company,DTE,0.072536,130.42,0.52,(0.40%)
276,Equifax Inc.,EFX,0.072405,213.01,6.70,(3.25%)
277,West Pharmaceutical Services Inc.,WST,0.072241,343.65,4.55,(1.34%)
278,Extra Space Storage Inc.,EXR,0.072115,194.30,7.30,(3.90%)
279,CDW Corp.,CDW,0.070622,181.88,1.55,(0.86%)
280,D.R. Horton Inc.,DHI,0.069666,74.22,0.06,(0.08%)
281,ANSYS Inc.,ANSS,0.069301,288.94,12.84,(4.65%)
282,Baker Hughes Company Class A,BKR,0.068954,25.50,0.08,(0.31%)
283,Gartner Inc.,IT,0.068864,288.26,-1.43,(-0.49%)
284,Alexandria Real Estate Equities Inc.,ARE,0.068773,159.07,-0.60,(-0.38%)
285,Coterra Energy Inc.,CTRA,0.068768,28.60,-0.78,(-2.65%)
286,Ameren Corporation,AEE,0.068674,92.30,-0.23,(-0.25%)
287,Zimmer Biomet Holdings Inc.,ZBH,0.068615,116.02,1.96,(1.72%)
288,W.W. Grainger Inc.,GWW,0.068202,543.02,2.77,(0.51%)
289,Laboratory Corporation of America Holdings,LH,0.067995,252.78,0.29,(0.11%)
290,Entergy Corporation,ETR,0.067893,117.16,2.05,(1.78%)
291,Ball Corporation,BALL,0.067598,72.81,1.02,(1.42%)
292,SVB Financial Group,SIVB,0.067576,413.40,13.21,(3.30%)
293,Duke Realty Corporation,DRE,0.067291,61.80,0.70,(1.15%)
294,Fifth Third Bancorp,FITB,0.066464,34.31,0.62,(1.84%)
295,Willis Towers Watson Public Limited Company,WTW,0.066448,208.32,2.80,(1.36%)
296,Fortive Corp.,FTV,0.066263,65.75,1.58,(2.46%)
297,United Rentals Inc.,URI,0.065482,317.66,3.56,(1.13%)
298,FirstEnergy Corp.,FE,0.06544,39.31,-0.37,(-0.93%)
299,LyondellBasell Industries NV,LYB,0.065011,85.65,0.18,(0.21%)
300,STERIS Plc,STE,0.065005,203.00,-21.44,(-9.55%)
301,Southwest Airlines Co.,LUV,0.064135,38.90,1.28,(3.40%)
302,McCormick & Company Incorporated,MKC,0.063432,87.40,-0.97,(-1.10%)
303,Monolithic Power Systems Inc.,MPWR,0.063364,524.48,18.76,(3.71%)
304,Martin Marietta Materials Inc.,MLM,0.06336,355.39,2.95,(0.84%)
305,PPL Corporation,PPL,0.063159,28.78,-0.32,(-1.10%)
306,Vulcan Materials Company,VMC,0.06269,165.41,1.43,(0.87%)
307,Match Group Inc.,MTCH,0.062673,63.49,-13.22,(-17.23%)
308,Diamondback Energy Inc.,FANG,0.062567,121.50,-6.04,(-4.74%)
309,Genuine Parts Company,GPC,0.062227,151.03,0.27,(0.18%)
310,AmerisourceBergen Corporation,ABC,0.0622,133.95,-8.86,(-6.20%)
311,Tractor Supply Company,TSCO,0.0621,192.21,3.81,(2.02%)
312,Lennar Corporation Class A,LEN,0.062002,82.56,0.56,(0.68%)
313,Constellation Energy Corporation,CEG,0.061837,67.45,1.61,(2.45%)
314,Church & Dwight Co. Inc.,CHD,0.061337,86.40,-0.66,(-0.76%)
315,Hartford Financial Services Group Inc.,HIG,0.061004,63.45,0.49,(0.78%)
316,Waters Corporation,WAT,0.060225,338.88,-1.67,(-0.49%)
317,Ventas Inc.,VTR,0.060107,51.41,-0.75,(-1.44%)
318,Nasdaq Inc.,NDAQ,0.059842,179.87,1.18,(0.66%)
319,EPAM Systems Inc.,EPAM,0.059654,372.00,7.67,(2.11%)
320,Align Technology Inc.,ALGN,0.059546,285.70,4.47,(1.59%)
321,Ulta Beauty Inc.,ULTA,0.05951,374.30,-18.60,(-4.73%)
322,Mid-America Apartment Communities Inc.,MAA,0.059399,180.84,1.93,(1.08%)
323,CF Industries Holdings Inc.,CF,0.059392,96.92,-1.25,(-1.27%)
324,Northern Trust Corporation,NTRS,0.059124,101.67,3.21,(3.26%)
325,SolarEdge Technologies Inc.,SEDG,0.058685,295.80,-69.61,(-19.05%)
326,Delta Air Lines Inc.,DAL,0.05867,33.18,1.36,(4.27%)
327,Take-Two Interactive Software Inc.,TTWO,0.057872,129.90,3.24,(2.56%)
328,CMS Energy Corporation,CMS,0.057698,69.34,0.44,(0.64%)
329,Catalent Inc,CTLT,0.057698,109.10,-2.29,(-2.06%)
330,CenterPoint Energy Inc.,CNP,0.057561,31.69,-0.01,(-0.03%)
331,Regions Financial Corporation,RF,0.057069,21.15,0.32,(1.54%)
332,Quanta Services Inc.,PWR,0.056996,138.00,-0.31,(-0.22%)
333,Ingersoll Rand Inc.,IR,0.056848,49.89,1.19,(2.44%)
334,PerkinElmer Inc.,PKI,0.056163,154.23,0.13,(0.08%)
335,Mosaic Company,MOS,0.055859,53.50,1.28,(2.45%)
336,Amcor PLC,AMCR,0.055787,12.72,-0.03,(-0.24%)
337,Molina Healthcare Inc.,MOH,0.055381,328.06,1.02,(0.31%)
338,Raymond James Financial Inc.,RJF,0.055254,100.11,2.10,(2.14%)
339,Huntington Bancshares Incorporated,HBAN,0.055151,13.44,0.23,(1.74%)
340,Broadridge Financial Solutions Inc.,BR,0.054616,165.20,1.92,(1.18%)
341,Dover Corporation,DOV,0.054385,133.17,2.04,(1.56%)
342,VeriSign Inc.,VRSN,0.054171,195.54,2.43,(1.26%)
343,Kellogg Company,K,0.054068,74.39,0.52,(0.70%)
344,Hewlett Packard Enterprise Co.,HPE,0.053339,14.19,0.02,(0.14%)
345,Teledyne Technologies Incorporated,TDY,0.052709,399.35,7.86,(2.01%)
346,Citizens Financial Group Inc.,CFG,0.052547,37.28,0.55,(1.50%)
347,Hologic Inc.,HOLX,0.052121,72.26,0.79,(1.11%)
348,Essex Property Trust Inc.,ESS,0.051865,275.47,-1.40,(-0.51%)
349,Skyworks Solutions Inc.,SWKS,0.051483,111.00,2.87,(2.65%)
350,Clorox Company,CLX,0.050881,136.20,-7.59,(-5.28%)
351,Expeditors International of Washington Inc.,EXPD,0.050055,102.78,0.53,(0.52%)
352,FLEETCOR Technologies Inc.,FLT,0.050019,219.00,-4.02,(-1.80%)
353,Zebra Technologies Corporation Class A,ZBRA,0.049767,325.75,2.43,(0.75%)
354,Westinghouse Air Brake Technologies Corporation,WAB,0.04976,92.44,1.17,(1.28%)
355,Trimble Inc.,TRMB,0.049693,69.73,1.18,(1.72%)
356,Xylem Inc.,XYL,0.049519,98.13,2.76,(2.89%)
357,Marathon Oil Corporation,MRO,0.049012,22.80,-1.08,(-4.52%)
358,Generac Holdings Inc.,GNRC,0.048471,249.30,-17.35,(-6.51%)
359,Atmos Energy Corporation,ATO,0.048421,119.28,-0.82,(-0.68%)
360,Cardinal Health Inc.,CAH,0.048346,61.00,1.24,(2.07%)
361,KeyCorp,KEY,0.048299,18.11,0.13,(0.72%)
362,Jacobs Engineering Group Inc.,J,0.047962,129.33,1.54,(1.21%)
363,Synchrony Financial,SYF,0.047734,34.08,1.26,(3.84%)
364,Tyler Technologies Inc.,TYL,0.047255,411.74,10.47,(2.61%)
365,Conagra Brands Inc.,CAG,0.047221,34.30,0.18,(0.53%)
366,Quest Diagnostics Incorporated,DGX,0.047062,137.93,1.23,(0.90%)
367,Paycom Software Inc.,PAYC,0.046799,352.00,14.14,(4.19%)
368,Teradyne Inc.,TER,0.046564,103.38,4.44,(4.49%)
369,CarMax Inc.,KMX,0.046502,99.80,0.78,(0.79%)
370,Darden Restaurants Inc.,DRI,0.046352,126.87,2.73,(2.20%)
371,NetApp Inc.,NTAP,0.046116,72.55,1.18,(1.65%)
372,Cooper Companies Inc.,COO,0.046084,329.14,4.33,(1.33%)
373,FactSet Research Systems Inc.,FDS,0.045962,422.47,1.55,(0.37%)
374,Seagate Technology Holdings PLC,STX,0.045752,80.29,1.28,(1.62%)
375,Avery Dennison Corporation,AVY,0.045512,193.12,2.65,(1.39%)
376,International Paper Company,IP,0.04551,42.61,0.27,(0.64%)
377,IDEX Corporation,IEX,0.045239,209.85,3.23,(1.56%)
378,Expedia Group Inc.,EXPE,0.04513,103.50,-0.39,(-0.38%)
379,Principal Financial Group Inc.,PFG,0.045109,68.74,2.55,(3.85%)
380,Evergy Inc.,EVRG,0.044828,68.37,0.37,(0.54%)
381,Akamai Technologies Inc.,AKAM,0.04452,95.87,1.03,(1.09%)
382,Western Digital Corporation,WDC,0.043866,49.75,1.28,(2.63%)
383,Alliant Energy Corp,LNT,0.043826,61.27,0.48,(0.79%)
384,Best Buy Co. Inc.,BBY,0.043809,75.67,1.06,(1.42%)
385,Jack Henry & Associates Inc.,JKHY,0.043737,208.09,2.50,(1.22%)
386,Bio-Techne Corporation,TECH,0.043381,391.85,4.84,(1.25%)
387,J.B. Hunt Transport Services Inc.,JBHT,0.043307,178.41,-0.29,(-0.16%)
388,LKQ Corporation,LKQ,0.042825,52.39,-2.33,(-4.26%)
389,Paramount Global Class B,PARA,0.042712,25.08,0.61,(2.49%)
390,AES Corporation,AES,0.042682,22.59,0.36,(1.62%)
391,Healthpeak Properties Inc.,PEAK,0.042391,26.94,-0.36,(-1.32%)
392,Brown & Brown Inc.,BRO,0.042346,64.29,1.41,(2.24%)
393,Camden Property Trust,CPT,0.042344,136.77,-0.30,(-0.22%)
394,Garmin Ltd.,GRMN,0.041844,98.81,2.33,(2.41%)
395,J.M. Smucker Company,SJM,0.041827,134.22,0.26,(0.19%)
396,Omnicom Group Inc,OMC,0.041812,70.31,1.15,(1.66%)
397,Domino's Pizza Inc.,DPZ,0.041596,390.91,-0.16,(-0.04%)
398,Pool Corporation,POOL,0.041593,363.11,3.18,(0.88%)
399,NortonLifeLock Inc.,NLOK,0.041499,26.74,1.96,(7.91%)
400,C.H. Robinson Worldwide Inc.,CHRW,0.041424,109.04,0.01,(0.01%)
401,V.F. Corporation,VFC,0.041319,44.77,0.44,(0.99%)
402,Textron Inc.,TXT,0.041271,65.55,0.69,(1.06%)
403,Stanley Black & Decker Inc.,SWK,0.041182,93.50,-0.56,(-0.60%)
404,Cincinnati Financial Corporation,CINF,0.040869,97.05,2.44,(2.58%)
405,Howmet Aerospace Inc.,HWM,0.040807,37.23,0.03,(0.08%)
406,Leidos Holdings Inc.,LDOS,0.040713,99.50,-0.98,(-0.98%)
407,Iron Mountain Inc.,IRM,0.040494,48.08,-0.29,(-0.60%)
408,Hormel Foods Corporation,HRL,0.040271,49.39,0.00,(0.00%)
409,UDR Inc.,UDR,0.040091,46.17,-0.18,(-0.39%)
410,FMC Corporation,FMC,0.039392,109.04,1.54,(1.43%)
411,Incyte Corporation,INCY,0.039366,72.54,-0.04,(-0.06%)
412,Brown-Forman Corporation Class B,BF.B,0.039142,75.90,1.54,(2.07%)
413,ABIOMED Inc.,ABMD,0.038389,301.46,7.83,(2.67%)
414,Etsy Inc.,ETSY,0.038219,108.50,4.06,(3.89%)
415,Kimco Realty Corporation,KIM,0.038114,21.43,0.06,(0.28%)
416,NVR Inc.,NVR,0.038022,"4,279.62",32.82,(0.77%)
417,Las Vegas Sands Corp.,LVS,0.037934,39.01,0.86,(2.25%)
418,Packaging Corporation of America,PKG,0.037809,139.15,1.04,(0.75%)
419,Live Nation Entertainment Inc.,LYV,0.037511,96.75,0.72,(0.75%)
420,W. R. Berkley Corporation,WRB,0.037032,62.14,1.03,(1.69%)
421,Masco Corporation,MAS,0.03695,52.23,-1.00,(-1.88%)
422,PTC Inc.,PTC,0.036803,123.94,3.35,(2.78%)
423,Citrix Systems Inc.,CTXS,0.036408,101.88,-0.07,(-0.07%)
424,Cboe Global Markets Inc,CBOE,0.036147,116.20,-1.44,(-1.22%)
425,Boston Properties Inc.,BXP,0.036036,88.40,0.35,(0.40%)
426,Nordson Corporation,NDSN,0.035719,230.20,2.61,(1.15%)
427,NiSource Inc,NI,0.035423,30.27,0.17,(0.56%)
428,Host Hotels & Resorts Inc.,HST,0.035419,17.30,0.00,(0.00%)
429,Charles River Laboratories International Inc.,CRL,0.035264,223.00,-20.66,(-8.48%)
430,APA Corp.,APA,0.035244,34.39,-1.54,(-4.29%)
431,Advance Auto Parts Inc.,AAP,0.03518,195.27,0.25,(0.13%)
432,Celanese Corporation,CE,0.035022,111.00,-0.45,(-0.40%)
433,Eastman Chemical Company,EMN,0.034784,93.37,0.15,(0.16%)
434,Snap-on Incorporated,SNA,0.034453,223.16,1.54,(0.69%)
435,United Airlines Holdings Inc.,UAL,0.034445,38.51,1.28,(3.44%)
436,Lamb Weston Holdings Inc.,LW,0.034014,81.75,0.39,(0.48%)
437,Bio-Rad Laboratories Inc. Class A,BIO,0.033925,548.55,0.59,(0.11%)
438,MGM Resorts International,MGM,0.033905,34.84,1.78,(5.38%)
439,Viatris Inc.,VTRS,0.033824,9.72,0.01,(0.10%)
440,Teleflex Incorporated,TFX,0.033776,254.97,4.12,(1.64%)
441,Signature Bank,SBNY,0.033574,187.17,2.13,(1.15%)
442,Interpublic Group of Companies Inc.,IPG,0.033333,30.02,0.63,(2.14%)
443,Qorvo Inc.,QRVO,0.03229,103.50,0.53,(0.51%)
444,WestRock Company,WRK,0.03199,42.07,0.29,(0.69%)
445,Loews Corporation,L,0.031381,55.20,-0.14,(-0.25%)
446,Fox Corporation Class A,FOXA,0.030724,34.48,1.28,(3.86%)
447,Henry Schein Inc.,HSIC,0.030401,76.40,0.89,(1.18%)
448,Caesars Entertainment Inc,CZR,0.0304,49.30,0.13,(0.26%)
449,MarketAxess Holdings Inc.,MKTX,0.029761,265.75,-6.04,(-2.22%)
450,Comerica Incorporated,CMA,0.029365,78.09,1.45,(1.89%)
451,Molson Coors Beverage Company Class B,TAP,0.029206,54.17,0.73,(1.37%)
452,Hasbro Inc.,HAS,0.029115,79.06,0.51,(0.65%)
453,Campbell Soup Company,CPB,0.028985,49.02,-0.18,(-0.37%)
454,PulteGroup Inc.,PHM,0.028739,41.86,0.16,(0.38%)
455,Everest Re Group Ltd.,RE,0.028641,253.22,3.94,(1.58%)
456,F5 Inc.,FFIV,0.028639,171.20,5.80,(3.51%)
457,Lumen Technologies Inc.,LUMN,0.028635,10.47,-0.30,(-2.79%)
458,Assurant Inc.,AIZ,0.028235,154.00,-17.57,(-10.24%)
459,Regency Centers Corporation,REG,0.027499,62.43,-0.02,(-0.03%)
460,Whirlpool Corporation,WHR,0.027335,166.14,-1.55,(-0.92%)
461,Fortune Brands Home & Security Inc.,FBHS,0.026905,66.73,-0.90,(-1.33%)
462,BorgWarner Inc.,BWA,0.026752,40.00,1.44,(3.73%)
463,Allegion Public Limited Company,ALLE,0.026566,103.53,0.79,(0.77%)
464,NRG Energy Inc.,NRG,0.026492,37.37,0.09,(0.24%)
465,Carnival Corporation,CCL,0.026447,9.73,0.38,(4.07%)
466,Globe Life Inc.,GL,0.026392,98.98,1.16,(1.19%)
467,American Airlines Group Inc.,AAL,0.026195,14.55,0.49,(3.49%)
468,Juniper Networks Inc.,JNPR,0.025964,27.27,-0.44,(-1.59%)
469,Bath & Body Works Inc.,BBWI,0.025604,39.31,2.29,(6.19%)
470,Tapestry Inc.,TPR,0.025218,33.83,0.83,(2.52%)
471,Huntington Ingalls Industries Inc.,HII,0.025144,218.69,1.22,(0.56%)
472,Robert Half International Inc.,RHI,0.024996,80.18,2.18,(2.79%)
473,Nielsen Holdings Plc,NLSN,0.024915,22.50,-1.49,(-6.21%)
474,Rollins Inc.,ROL,0.024756,38.26,-0.27,(-0.70%)
475,Lincoln National Corporation,LNC,0.024632,50.95,0.74,(1.47%)
476,Sealed Air Corporation,SEE,0.024282,56.45,0.28,(0.50%)
477,Pinnacle West Capital Corporation,PNW,0.024121,75.27,1.50,(2.03%)
478,Royal Caribbean Group,RCL,0.023776,38.80,2.14,(5.84%)
479,Organon & Co.,OGN,0.023324,32.36,0.59,(1.86%)
480,Zions Bancorporation N.A.,ZION,0.023289,53.96,0.86,(1.62%)
481,A. O. Smith Corporation,AOS,0.023217,61.48,1.01,(1.67%)
482,Pentair plc,PNR,0.022972,49.00,0.92,(1.91%)
483,DENTSPLY SIRONA Inc.,XRAY,0.022399,37.07,1.50,(4.22%)
484,DXC Technology Co.,DXC,0.022349,29.75,-1.37,(-4.40%)
485,Newell Brands Inc,NWL,0.021733,20.37,0.57,(2.88%)
486,Franklin Resources Inc.,BEN,0.02168,28.10,0.72,(2.63%)
487,Ceridian HCM Holding Inc.,CDAY,0.021471,58.78,3.51,(6.35%)
488,Universal Health Services Inc. Class B,UHS,0.021395,111.16,1.24,(1.13%)
489,Federal Realty Investment Trust,FRT,0.021021,104.17,0.06,(0.06%)
490,Wynn Resorts Limited,WYNN,0.019676,67.00,2.59,(4.02%)
491,News Corporation Class A,NWSA,0.019301,17.21,0.21,(1.24%)
492,Mohawk Industries Inc.,MHK,0.017922,120.16,0.13,(0.11%)
493,Invesco Ltd.,IVZ,0.017378,17.90,0.24,(1.36%)
494,Penn National Gaming Inc.,PENN,0.017348,36.88,0.71,(1.96%)
495,Alaska Air Group Inc.,ALK,0.016034,46.30,1.80,(4.04%)
496,DaVita Inc.,DVA,0.015413,86.00,-0.45,(-0.52%)
497,Norwegian Cruise Line Holdings Ltd.,NCLH,0.015035,12.94,0.47,(3.77%)
498,Vornado Realty Trust,VNO,0.013362,29.62,0.27,(0.92%)
499,Fox Corporation Class B,FOX,0.013224,31.29,0.36,(1.16%)
500,Ralph Lauren Corporation Class A,RL,0.013053,99.00,4.03,(4.24%)
501,PVH Corp.,PVH,0.012641,62.92,1.72,(2.81%)
502,DISH Network Corporation Class A,DISH,0.0123,18.12,0.99,(5.78%)
503,News Corporation Class B,NWS,0.006125,17.72,0.52,(3.02%)
504,Embecta Corporation,EMBC,0.000005,29.87,-0.39,(-1.29%)
